Time (year);cod
0;0.1
0.041666667;0.2
0.083333333;0.2
0.125;0.2
0.16666667;0.2
0.20833333;0.1
0.25;0
0.29166667;0
0.33333333;0
0.375;0
0.41666667;0
0.45833333;0
0.5;0
0.54166667;0
0.58333333;0
0.625;0
0.66666667;0
0.70833333;0
0.75;0
0.79166667;0
0.83333333;0
0.875;0
0.91666667;0
0.95833333;0
